{"val_loss": [2.3550559433732148, 1.8142457338109712, 1.487237939874221, 1.2700025045593406, 1.0988217542706433, 0.9782545493910517, 0.8869708789446913, 0.8382953697388758, 0.8041517750566828, 0.7790058442713198, 0.7455726199391618, 0.7248548190962621, 0.7490183036224523, 0.7381690616045349, 0.7073628629060617, 0.7005383214980753, 0.6979708555992951, 0.7141008274235365, 0.7172692038109995, 0.705891047040134, 0.7218887338324125, 0.7303598256251724, 0.7360477067993052, 0.7772587483751005, 0.7367892657691516, 0.74841557411889, 0.7523161012002683, 0.7380614698310591, 0.7794632618848071, 0.7766918454733487, 0.7918605932639341, 0.7668139717538318, 0.7298844874518446, 0.7773018425096859, 0.7917044709263746, 0.7745889922494137, 0.7910184585321643, 0.8257692136875857, 0.8225920156947605, 0.7904828922004157, 0.775112298528432, 0.7961185363426858, 0.8383556996875003, 0.8038833616607313, 0.7639435846247973, 0.8035959529461576, 0.8200638350946987, 0.8682483010344888, 0.8286581774757085, 0.843012652781154], "val_acc": [0.3387415913616568, 0.497823505638426, 0.5900277000998243, 0.654531064574125, 0.6964780364434711, 0.7309062125468659, 0.7578155906435337, 0.7768104478309973, 0.7831420667519624, 0.7989711116131087, 0.809259991920367, 0.8191531466598043, 0.8179659681873073, 0.8270676694088035, 0.8333992873155226, 0.8306292046140106, 0.8409180847089848, 0.8413138114797489, 0.8381480022197568, 0.848041155543967, 0.8504155118756961, 0.8428967161097449, 0.8512069658182051, 0.8389394539214897, 0.850019786331462, 0.84922833503071, 0.8504155135032071, 0.845666798598973, 0.851602691362439, 0.8516026919757042, 0.8523941426631911, 0.85318559537917, 0.8563514058656923, 0.8591214877416553, 0.8559556790949282, 0.8642659271758774, 0.8575385837249243, 0.8559556786939472, 0.8579343098824233, 0.8642659284024075, 0.8666402847341365, 0.8614958448989334, 0.8599129396556723, 0.8650573797031594, 0.8603086664264363, 0.8638702024571925, 0.8591214885672044, 0.8591214889681853, 0.8654531064739235, 0.8646616535456604], "loss": [2.783209517988453, 2.315847090605027, 1.9404258976321052, 1.662257764978416, 1.4375660446858018, 1.267177575384096, 1.1282809276841261, 1.0027846666265652, 0.9205894024543458, 0.8536565054509613, 0.7982928632624099, 0.7456855653609078, 0.705518473078937, 0.6743750545476797, 0.6258050627096277, 0.6035500645695797, 0.5799312012492174, 0.5539615690654038, 0.5539333259100986, 0.5323323087002167, 0.506106861274469, 0.49990053414848834, 0.4920463928249101, 0.4834407208214311, 0.47829584081370946, 0.46311720958624986, 0.44261580504559767, 0.4373298359831477, 0.4245655748225827, 0.4319402638815248, 0.40484267992372824, 0.40824854494248586, 0.39454239025881666, 0.38241081486086675, 0.3660966315324091, 0.35784003847952767, 0.360069145316259, 0.3525105756846372, 0.34453220481545166, 0.34620510388196674, 0.3301574777289543, 0.34230651627616393, 0.3306008363149765, 0.31799252811795115, 0.3120455123812508, 0.3061648893661903, 0.3045186164193108, 0.28922644350593163, 0.2976132723912435, 0.28048090469889647], "acc": [0.12230215824111644, 0.28085492777076687, 0.38932737306758514, 0.46860375782460434, 0.5325836420075857, 0.5798700844607907, 0.6187050357797155, 0.6557938114902515, 0.6782845566998299, 0.699098973156995, 0.7131382273780057, 0.7301110568522508, 0.7391213245245967, 0.7492491441739874, 0.7659425859620487, 0.7720891248041619, 0.779842145501081, 0.790039812984801, 0.7926241533003715, 0.7979325279598671, 0.8074317244816619, 0.8085492771206567, 0.8129496403252386, 0.8173500036089215, 0.8165816860657926, 0.8241950130091288, 0.8298526225771461, 0.8321575749192714, 0.8350213033040409, 0.8329258923832994, 0.847384228389623, 0.8420758536718425, 0.8519941328865295, 0.8550674023679525, 0.8605853179742264, 0.8630998113130885, 0.8600963888083739, 0.864357058101171, 0.8656841516369854, 0.8655444576169572, 0.8730879373171396, 0.8702242088033108, 0.8737864075879723, 0.8798630996323951, 0.8848222393833692, 0.8827966751520748, 0.8830062164152569, 0.8883844381680308, 0.8877558147448471, 0.8915275546344889]}